<!DOCTYPE suite SYSTEM "https://testng.org/testng-1.0.dtd" >
<suite name="Test-Suite" >
   
   <test name="Parameter Test One">
		<!-- This parameter will be passed this test only -->
		<parameter name="FromCurrency" value="US Dollar" />
		<parameter name="ToCurrency" value="Euro" />
		<classes>
			<class name="testngMaven.TestNGCurrencyConverter">
				<methods>
					<include name="ConvertTheCurrencyMethod" />
				</methods>
			</class>
		</classes>
	</test>
	
	   <test name="Parameter Test Two">
		<!-- This parameter will be passed this test only -->
		<parameter name="FromCurrency" value="British Pound" />
		<parameter name="ToCurrency" value="US Dollar" />
		<classes>
			<class name="testngMaven.TestNGCurrencyConverter">
				<methods>
					<include name="ConvertTheCurrencyMethod" />
				</methods>
			</class>
		</classes>
	</test>
	
	   <test name="Parameter Test Three">
		<!-- This parameter will be passed this test only -->
		<parameter name="FromCurrency" value="Euro" />
		<parameter name="ToCurrency" value="US Dollar" />
		<classes>
			<class name="testngMaven.TestNGCurrencyConverter">
				<methods>
					<include name="ConvertTheCurrencyMethod" />
				</methods>
			</class>
		</classes>
	</test>
	
	   <test name="Parameter Test Four">
		<!-- This parameter will be passed this test only -->
		<parameter name="FromCurrency" value="US Dollar" />
		<parameter name="ToCurrency" value="British Pound" />
		<classes>
			<class name="testngMaven.TestNGCurrencyConverter">
				<methods>
					<include name="ConvertTheCurrencyMethod" />
				</methods>
			</class>
		</classes>
	</test>
	
	<test name="Parameter Test Five">
		<!-- This parameter will be passed this test only -->
		<parameter name="FromCurrency" value="Euro" />
		<parameter name="ToCurrency" value="British Pound" />
		<classes>
			<class name="testngMaven.TestNGCurrencyConverter">
				<methods>
					<include name="ConvertTheCurrencyMethod" />
				</methods>
			</class>
		</classes>
	</test>
	
 </suite>